6560,2473
850,5680
482,4126
239,3443
164,3095
154,2717
97,2477
97,2134
59,1932
59,1811
37,1752
37,1626
22,1552
22,1496
5,1459
5,1411
5,1365
5,1284
5,1189
5,1125
5,1087
5,1036
5,994
5,940
5,909

1425,6190
358,5456
228,4769
145,4227
43,4049
7,4027
7,3978
7,3916
7,3836
7,3786
7,3725
7,3651
7,3593
7,3527
7,3476
7,3422
7,3369
7,3321
7,3266
7,3211
7,3171
7,3116
7,3074
7,3004
7,2950
7,2895
7,2845
7,2788
7,2741
7,2702
7,2633
7,2582
7,2534
7,2469
7,2411
7,2332
7,2245
7,2193
7,2143
7,2097
7,2029
7,1956
7,1890
7,1836
7,1776
7,1735
7,1653
7,1618
7,1571
7,1521
7,1474
7,1426
7,1381
7,1331
7,1266
7,1188
7,1110
7,1051
7,987
7,907
7,869
7,815
5,768
5,740
5,676
5,619
5,577
5,537
5,476
5,422
5,382
5,323
5,278
5,206
5,149

3274,4593
638,5271
336,4272
212,3699
126,3351
122,2996
93,2633
93,2422
85,2158
70,2003
42,1891
42,1740
34,1679
34,1577
34,1427
34,1311
18,1261
18,1204
18,1142
18,1056
18,996
18,879
18,804
1,769
1,720
1,671
1,618
1384,6615
500,5655
361,4796
235,4227
159,3815
123,3477
92,3183
64,2989
41,2837
41,2704
41,2581
41,2448
41,2342
15,2239
15,2174
3,2121
3,2078
3,2026
3,1957
3,1885
3,1822
3,1775
3,1726
3,1674
3,1635
3,1607
3,1575
3,1526
2,1495
2,1419
2,1367
1,1327
1,1291
1,1240
1,1205
1,1156
1,1102
1,1044
1,985
1,933
1,878
1,828
1,791
1,747
1,717
1,654
1,614
1,576
1,531
1,489
1,418
1,371
1,314
1,272
1,230
1807,5557
488,5406
245,4708
206,4029
125,3587
91,3363
38,3215
38,3027
38,2850
38,2724
38,2624
38,2507
38,2407
38,2317
16,2258
16,2176
16,2083
16,1996
16,1938
15,1904
15,1825
15,1760
15,1689
15,1631
15,1568
15,1492
4,1459
4,1398
4,1355
4,1267
4,1226
4,1174
4,1118
4,1067
4,1014
4,977
1,941
1,882
1,843
1524,6172
539,5211
314,4409
177,3921
128,3566
88,3340
67,3144
56,2958
56,2657
56,2480
56,2294
56,2116
56,1980
23,1896
23,1836
20,1768
20,1702
11,1651
11,1585
11,1520
11,1454
11,1372
11,1315
11,1248
11,1156
11,1118
11,1057
11,957
11,893
11,818
11,746
11,690
11,650
4,592
4,541
4,498
4,432
4,389
4,350
4,301
4,234
4,176
4,122
4,66
6983,1671
737,5356
393,4246
239,3627
118,3191
75,2987
30,2906
30,2809
30,2737
28,2660
28,2595
28,2521
28,2439
25,2372
8,2340
8,2269
8,2206
8,2170
8,2092
8,2035
1,1994
1,1940
1,1879
1,1814
1,1789
1,1731
1,1690
1,1646
1,1591
1,1538
1,1492
1,1453
1096,7344
566,5779
324,4844
210,4092
152,3691
99,3465
99,3213
71,3079
54,2922
54,2796
46,2624
46,2525
23,2480
10,2459
10,2403
10,2344
10,2261
10,2192
10,2159
10,2122
10,2075
10,2008
10,1967
10,1914
10,1850
10,1805
10,1729
10,1658
10,1599
10,1523
10,1475
10,1431
10,1383
10,1324
10,1279
10,1215
10,1155
10,1069
1276,6598
495,5837
246,5133
153,4723
106,4427
77,4190
71,3977
71,3761
39,3521
39,3377
39,3296
39,3179
29,3083
29,2932
11,2860
11,2806
11,2723
11,2656
11,2587
11,2501
11,2436
11,2383
11,2316
11,2242
11,2181
11,2116
11,2018
11,1952
11,1880
11,1823
11,1764
11,1685
3,1639
3,1581
0,1552
1255,6925
526,5667
290,4868
171,4347
96,4165
67,3891
67,3746
67,3497
67,3315
67,3090
65,2910
65,2709
65,2535
36,2438
36,2360
36,2240
30,2144
30,2016
30,1960
30,1863
30,1785
30,1689
30,1589
30,1511
30,1409
30,1252
30,1152
30,1041
30,911
30,794
30,707
20,618
20,548
20,437
11,386
11,331
3,292
3,238
3,165
3,113
3,55
Health_Population,Zombie_Population
177,532
Health_Population,Zombie_Population
48,561
Health_Population,Zombie_Population
30,498
Health_Population,Zombie_Population
6,469
Health_Population,Zombie_Population
6,395
Health_Population,Zombie_Population
6,328
Health_Population,Zombie_Population
6,265
Health_Population,Zombie_Population
6,211
Health_Population,Zombie_Population
6,145
Health_Population,Zombie_Population
6,96
Health_Population,Zombie_Population
2,53
Health_Population,Zombie_Population
2,14
Health_Population,Zombie_Population
754,36
Health_Population,Zombie_Population
81,131
Health_Population,Zombie_Population
7,108
Health_Population,Zombie_Population
1,19
Health_Population,Zombie_Population
861,1
Health_Population,Zombie_Population
713,5
Health_Population,Zombie_Population
853,5
Health_Population,Zombie_Population
742,4
Health_Population,Zombie_Population
14,2
Health_Population,Zombie_Population
6,5
Health_Population,Zombie_Population
97,21
Health_Population,Zombie_Population
97,34
Health_Population,Zombie_Population
97,59
Health_Population,Zombie_Population
97,73
Health_Population,Zombie_Population
97,89
Health_Population,Zombie_Population
100,23
Health_Population,Zombie_Population
100,20
Health_Population,Zombie_Population
86,45
Health_Population,Zombie_Population
915,39
Health_Population,Zombie_Population
833,50
Health_Population,Zombie_Population
685,77
Health_Population,Zombie_Population
500,118
Health_Population,Zombie_Population
231,200
Health_Population,Zombie_Population
70,119
Health_Population,Zombie_Population
41,34
Health_Population,Zombie_Population
16,16
Health_Population,Zombie_Population
5,3
Health_Population,Zombie_Population
97823,1545
Health_Population,Zombie_Population
25576,47593
Health_Population,Zombie_Population
6078,50041
Health_Population,Zombie_Population
3196,40986
Health_Population,Zombie_Population
2162,35606
Health_Population,Zombie_Population
1557,31100
Health_Population,Zombie_Population
1172,28254
Health_Population,Zombie_Population
785,26487
Health_Population,Zombie_Population
652,25049
Health_Population,Zombie_Population
623,23547
Health_Population,Zombie_Population
547,22231
Health_Population,Zombie_Population
412,21329
Health_Population,Zombie_Population
349,20630
Health_Population,Zombie_Population
274,20017
Health_Population,Zombie_Population
238,19451
Health_Population,Zombie_Population
235,18910
Health_Population,Zombie_Population
235,18398
Health_Population,Zombie_Population
235,17868
Health_Population,Zombie_Population
204,17467
Health_Population,Zombie_Population
195,16998
Health_Population,Zombie_Population
179,16509
Health_Population,Zombie_Population
169,16013
Health_Population,Zombie_Population
137,15640
Health_Population,Zombie_Population
137,15288
Health_Population,Zombie_Population
121,14941
Health_Population,Zombie_Population
111,14683
Health_Population,Zombie_Population
111,14408
Health_Population,Zombie_Population
109,14104
Health_Population,Zombie_Population
95,13878
Health_Population,Zombie_Population
95,13696
Health_Population,Zombie_Population
95,13462
Health_Population,Zombie_Population
95,13270
Health_Population,Zombie_Population
95,12883
Health_Population,Zombie_Population
95,12659
Health_Population,Zombie_Population
95,12424
Health_Population,Zombie_Population
95,12129
Health_Population,Zombie_Population
95,11863
Health_Population,Zombie_Population
95,11624
Health_Population,Zombie_Population
95,11372
Health_Population,Zombie_Population
91,11151
Health_Population,Zombie_Population
91,10939
Health_Population,Zombie_Population
74,10736
Health_Population,Zombie_Population
74,10537
Health_Population,Zombie_Population
74,10390
Health_Population,Zombie_Population
74,10186
Health_Population,Zombie_Population
74,9955
Health_Population,Zombie_Population
74,9662
Health_Population,Zombie_Population
41,9539
Health_Population,Zombie_Population
41,9416
Health_Population,Zombie_Population
41,9302
Health_Population,Zombie_Population
41,9176
Health_Population,Zombie_Population
41,9067
Health_Population,Zombie_Population
41,8926
Health_Population,Zombie_Population
41,8810
Health_Population,Zombie_Population
41,8732
Health_Population,Zombie_Population
41,8560
Health_Population,Zombie_Population
41,8457
Health_Population,Zombie_Population
41,8354
Health_Population,Zombie_Population
41,8269
Health_Population,Zombie_Population
41,8185
Health_Population,Zombie_Population
41,8066
Health_Population,Zombie_Population
41,7971
Health_Population,Zombie_Population
22,7943
Health_Population,Zombie_Population
22,7826
Health_Population,Zombie_Population
22,7736
Health_Population,Zombie_Population
9,7673
Health_Population,Zombie_Population
9,7610
Health_Population,Zombie_Population
9,7563
Health_Population,Zombie_Population
9,7475
Health_Population,Zombie_Population
9,7419
Health_Population,Zombie_Population
9,7339
Health_Population,Zombie_Population
9,7279
Health_Population,Zombie_Population
9,7242
Health_Population,Zombie_Population
9,7182
Health_Population,Zombie_Population
9,7136
Health_Population,Zombie_Population
9,7087
Health_Population,Zombie_Population
9,7029
Health_Population,Zombie_Population
9,6978
Health_Population,Zombie_Population
9,6922
Health_Population,Zombie_Population
9,6874
Health_Population,Zombie_Population
9,6817
Health_Population,Zombie_Population
9,6758
Health_Population,Zombie_Population
9,6691
Health_Population,Zombie_Population
9,6598
Health_Population,Zombie_Population
9,6518
Health_Population,Zombie_Population
9,6450
Health_Population,Zombie_Population
9,6375
Health_Population,Zombie_Population
9,6305
Health_Population,Zombie_Population
9,6257
Health_Population,Zombie_Population
9,6198
Health_Population,Zombie_Population
9,6148
Health_Population,Zombie_Population
9,6068
Health_Population,Zombie_Population
9,5997
Health_Population,Zombie_Population
9,5926
Health_Population,Zombie_Population
9,5864
Health_Population,Zombie_Population
9,5820
Health_Population,Zombie_Population
9,5751
Health_Population,Zombie_Population
9,5707
Health_Population,Zombie_Population
9,5657
Health_Population,Zombie_Population
9,5603
Health_Population,Zombie_Population
98127,1242
Health_Population,Zombie_Population
43081,35741
Health_Population,Zombie_Population
6958,50919
Health_Population,Zombie_Population
3633,41436
Health_Population,Zombie_Population
2364,34642
Health_Population,Zombie_Population
1662,30060
Health_Population,Zombie_Population
1151,27198
Health_Population,Zombie_Population
859,25247
Health_Population,Zombie_Population
723,23259
Health_Population,Zombie_Population
649,21922
Health_Population,Zombie_Population
608,20440
Health_Population,Zombie_Population
527,18979
Health_Population,Zombie_Population
448,17916
Health_Population,Zombie_Population
393,16806
Health_Population,Zombie_Population
371,15955
Health_Population,Zombie_Population
325,15107
Health_Population,Zombie_Population
292,14340
Health_Population,Zombie_Population
247,13701
Health_Population,Zombie_Population
228,13168
Health_Population,Zombie_Population
228,12613
Health_Population,Zombie_Population
228,12165
Health_Population,Zombie_Population
194,11699
Health_Population,Zombie_Population
194,11138
Health_Population,Zombie_Population
168,10728
Health_Population,Zombie_Population
137,10320
Health_Population,Zombie_Population
126,10036
Health_Population,Zombie_Population
126,9793
Health_Population,Zombie_Population
113,9527
Health_Population,Zombie_Population
113,9197
Health_Population,Zombie_Population
113,8934
Health_Population,Zombie_Population
90,8782
Health_Population,Zombie_Population
90,8588
Health_Population,Zombie_Population
90,8376
Health_Population,Zombie_Population
90,8077
Health_Population,Zombie_Population
90,7870
Health_Population,Zombie_Population
90,7683
Health_Population,Zombie_Population
78,7460
Health_Population,Zombie_Population
78,7233
Health_Population,Zombie_Population
78,7064
Health_Population,Zombie_Population
67,6899
Health_Population,Zombie_Population
67,6682
Health_Population,Zombie_Population
56,6493
Health_Population,Zombie_Population
56,6323
Health_Population,Zombie_Population
56,6171
Health_Population,Zombie_Population
56,5980
Health_Population,Zombie_Population
56,5823
Health_Population,Zombie_Population
56,5674
Health_Population,Zombie_Population
48,5582
Health_Population,Zombie_Population
46,5442
Health_Population,Zombie_Population
46,5290
Health_Population,Zombie_Population
21,5122
Health_Population,Zombie_Population
21,5070
Health_Population,Zombie_Population
21,4969
Health_Population,Zombie_Population
21,4903
Health_Population,Zombie_Population
21,4856
Health_Population,Zombie_Population
19,4792
Health_Population,Zombie_Population
19,4724
Health_Population,Zombie_Population
19,4640
Health_Population,Zombie_Population
19,4565
Health_Population,Zombie_Population
19,4500
Health_Population,Zombie_Population
19,4449
Health_Population,Zombie_Population
19,4366
Health_Population,Zombie_Population
19,4280
Health_Population,Zombie_Population
19,4189
Health_Population,Zombie_Population
19,4114
Health_Population,Zombie_Population
19,4057
Health_Population,Zombie_Population
19,3984
Health_Population,Zombie_Population
19,3918
Health_Population,Zombie_Population
19,3822
Health_Population,Zombie_Population
19,3735
Health_Population,Zombie_Population
19,3681
Health_Population,Zombie_Population
10,3619
Health_Population,Zombie_Population
10,3530
Health_Population,Zombie_Population
10,3451
Health_Population,Zombie_Population
10,3360
Health_Population,Zombie_Population
10,3309
Health_Population,Zombie_Population
10,3257
Health_Population,Zombie_Population
10,3179
Health_Population,Zombie_Population
10,3121
Health_Population,Zombie_Population
5,3073
Health_Population,Zombie_Population
5,3045
Health_Population,Zombie_Population
5,3004
Health_Population,Zombie_Population
5,2935
Health_Population,Zombie_Population
5,2873
Health_Population,Zombie_Population
5,2809
Health_Population,Zombie_Population
5,2775
Health_Population,Zombie_Population
5,2706
Health_Population,Zombie_Population
5,2647
Health_Population,Zombie_Population
5,2593
Health_Population,Zombie_Population
5,2552
Health_Population,Zombie_Population
5,2505
Health_Population,Zombie_Population
5,2425
Health_Population,Zombie_Population
5,2379
Health_Population,Zombie_Population
5,2327
Health_Population,Zombie_Population
5,2291
Health_Population,Zombie_Population
5,2246
Health_Population,Zombie_Population
5,2174
Health_Population,Zombie_Population
5,2120
Health_Population,Zombie_Population
5,2067
Health_Population,Zombie_Population
5,2025
Health_Population,Zombie_Population
97678,1554
Health_Population,Zombie_Population
25560,46885
Health_Population,Zombie_Population
6125,48359
Health_Population,Zombie_Population
3255,40417
Health_Population,Zombie_Population
2018,35062
Health_Population,Zombie_Population
1477,31327
Health_Population,Zombie_Population
1238,28306
Health_Population,Zombie_Population
997,25983
Health_Population,Zombie_Population
725,24134
Health_Population,Zombie_Population
610,22679
Health_Population,Zombie_Population
553,21486
Health_Population,Zombie_Population
410,20536
Health_Population,Zombie_Population
376,19717
Health_Population,Zombie_Population
320,19048
Health_Population,Zombie_Population
270,18399
Health_Population,Zombie_Population
270,17741
Health_Population,Zombie_Population
242,17242
Health_Population,Zombie_Population
239,16660
Health_Population,Zombie_Population
233,16143
Health_Population,Zombie_Population
216,15653
Health_Population,Zombie_Population
187,15235
Health_Population,Zombie_Population
187,14799
Health_Population,Zombie_Population
187,14381
Health_Population,Zombie_Population
159,13990
Health_Population,Zombie_Population
159,13585
Health_Population,Zombie_Population
159,13213
Health_Population,Zombie_Population
135,12860
Health_Population,Zombie_Population
135,12479
Health_Population,Zombie_Population
128,12168
Health_Population,Zombie_Population
91,11912
Health_Population,Zombie_Population
74,11716
Health_Population,Zombie_Population
69,11494
Health_Population,Zombie_Population
69,11332
Health_Population,Zombie_Population
69,11105
Health_Population,Zombie_Population
42,10962
Health_Population,Zombie_Population
42,10829
Health_Population,Zombie_Population
42,10741
Health_Population,Zombie_Population
42,10595
Health_Population,Zombie_Population
42,10455
Health_Population,Zombie_Population
42,10351
Health_Population,Zombie_Population
42,10213
Health_Population,Zombie_Population
42,10104
Health_Population,Zombie_Population
42,9990
Health_Population,Zombie_Population
42,9865
Health_Population,Zombie_Population
42,9743
Health_Population,Zombie_Population
42,9620
Health_Population,Zombie_Population
42,9435
Health_Population,Zombie_Population
42,9320
Health_Population,Zombie_Population
42,9197
Health_Population,Zombie_Population
42,9075
Health_Population,Zombie_Population
42,8961
Health_Population,Zombie_Population
42,8790
Health_Population,Zombie_Population
42,8695
Health_Population,Zombie_Population
42,8564
Health_Population,Zombie_Population
19,8528
Health_Population,Zombie_Population
19,8435
Health_Population,Zombie_Population
19,8383
Health_Population,Zombie_Population
19,8305
Health_Population,Zombie_Population
19,8231
Health_Population,Zombie_Population
19,8157
Health_Population,Zombie_Population
19,8096
Health_Population,Zombie_Population
19,8036
Health_Population,Zombie_Population
19,7969
Health_Population,Zombie_Population
19,7897
Health_Population,Zombie_Population
19,7850
Health_Population,Zombie_Population
19,7778
Health_Population,Zombie_Population
19,7694
Health_Population,Zombie_Population
19,7646
Health_Population,Zombie_Population
19,7569
Health_Population,Zombie_Population
19,7503
Health_Population,Zombie_Population
19,7428
Health_Population,Zombie_Population
19,7352
Health_Population,Zombie_Population
19,7286
Health_Population,Zombie_Population
19,7215
Health_Population,Zombie_Population
19,7168
Health_Population,Zombie_Population
19,7106
Health_Population,Zombie_Population
19,7004
Health_Population,Zombie_Population
19,6949
Health_Population,Zombie_Population
19,6859
Health_Population,Zombie_Population
19,6747
Health_Population,Zombie_Population
19,6677
Health_Population,Zombie_Population
19,6560
Health_Population,Zombie_Population
19,6472
Health_Population,Zombie_Population
19,6402
Health_Population,Zombie_Population
19,6343
Health_Population,Zombie_Population
19,6284
Health_Population,Zombie_Population
19,6210
Health_Population,Zombie_Population
19,6125
Health_Population,Zombie_Population
19,6038
Health_Population,Zombie_Population
19,5980
Health_Population,Zombie_Population
19,5897
Health_Population,Zombie_Population
19,5807
Health_Population,Zombie_Population
19,5717
Health_Population,Zombie_Population
19,5672
Health_Population,Zombie_Population
19,5608
Health_Population,Zombie_Population
19,5522
Health_Population,Zombie_Population
9,5462
Health_Population,Zombie_Population
9,5404
Health_Population,Zombie_Population
9,5346
Health_Population,Zombie_Population
9,5301
Health_Population,Zombie_Population
97711,1619
Health_Population,Zombie_Population
24886,48613
Health_Population,Zombie_Population
3755,9324
Health_Population,Zombie_Population
506,1380
Health_Population,Zombie_Population
65,224
Health_Population,Zombie_Population
13,34
Health_Population,Zombie_Population
1,8
Health_Population,Zombie_Population
99725,179
Health_Population,Zombie_Population
97629,1224
Health_Population,Zombie_Population
86427,6258
Health_Population,Zombie_Population
41759,25901
Health_Population,Zombie_Population
8883,15584
Health_Population,Zombie_Population
2095,3597
Health_Population,Zombie_Population
571,774
Health_Population,Zombie_Population
121,228
Health_Population,Zombie_Population
16,78
Health_Population,Zombie_Population
6,10
Health_Population,Zombie_Population
99898,55
Health_Population,Zombie_Population
99334,226
Health_Population,Zombie_Population
98507,438
Health_Population,Zombie_Population
96893,798
Health_Population,Zombie_Population
94443,1242
Health_Population,Zombie_Population
90606,2059
Health_Population,Zombie_Population
84144,3173
Health_Population,Zombie_Population
75779,4231
Health_Population,Zombie_Population
63937,6213
Health_Population,Zombie_Population
47302,9498
Health_Population,Zombie_Population
26363,12266
Health_Population,Zombie_Population
8972,12142
Health_Population,Zombie_Population
3298,3956
Health_Population,Zombie_Population
1183,1475
Health_Population,Zombie_Population
421,511
Health_Population,Zombie_Population
160,145
Health_Population,Zombie_Population
51,60
Health_Population,Zombie_Population
17,25
Health_Population,Zombie_Population
4,9
Health_Population,Zombie_Population
1,1
Health_Population,Zombie_Population
99911,55
Health_Population,Zombie_Population
99593,128
Health_Population,Zombie_Population
99144,310
Health_Population,Zombie_Population
97887,630
Health_Population,Zombie_Population
95680,1150
Health_Population,Zombie_Population
91965,1877
Health_Population,Zombie_Population
86418,3013
Health_Population,Zombie_Population
77846,4389
Health_Population,Zombie_Population
65147,6942
Health_Population,Zombie_Population
46719,10199
Health_Population,Zombie_Population
25444,12791
Health_Population,Zombie_Population
8997,11581
Health_Population,Zombie_Population
3288,3897
Health_Population,Zombie_Population
1217,1354
Health_Population,Zombie_Population
406,532
Health_Population,Zombie_Population
133,207
Health_Population,Zombie_Population
41,60
Health_Population,Zombie_Population
11,20
Health_Population,Zombie_Population
3,1
Health_Population,Zombie_Population
99986,5
Health_Population,Zombie_Population
99964,4
Health_Population,Zombie_Population
99953,0
Health_Population,Zombie_Population
99985,6
Health_Population,Zombie_Population
99970,3
Health_Population,Zombie_Population
99950,3
Health_Population,Zombie_Population
99899,9
Health_Population,Zombie_Population
99878,5
Health_Population,Zombie_Population
99858,4
Health_Population,Zombie_Population
99841,2
Health_Population,Zombie_Population
99816,6
Health_Population,Zombie_Population
99802,3
Health_Population,Zombie_Population
99779,5
Health_Population,Zombie_Population
99762,6
Health_Population,Zombie_Population
99747,3
Health_Population,Zombie_Population
99731,6
Health_Population,Zombie_Population
99713,4
Health_Population,Zombie_Population
99692,7
Health_Population,Zombie_Population
99674,2
Health_Population,Zombie_Population
99660,3
Health_Population,Zombie_Population
99646,1
Health_Population,Zombie_Population
99633,2
Health_Population,Zombie_Population
99930,32
Health_Population,Zombie_Population
99759,90
Health_Population,Zombie_Population
99424,199
Health_Population,Zombie_Population
98629,489
Health_Population,Zombie_Population
97130,787
Health_Population,Zombie_Population
94679,1236
Health_Population,Zombie_Population
90751,2067
Health_Population,Zombie_Population
85073,2704
Health_Population,Zombie_Population
77288,3955
Health_Population,Zombie_Population
66338,5720
Health_Population,Zombie_Population
51269,8197
Health_Population,Zombie_Population
31519,11273
Health_Population,Zombie_Population
12504,12083
Health_Population,Zombie_Population
4388,5313
Health_Population,Zombie_Population
1583,1943
Health_Population,Zombie_Population
584,686
Health_Population,Zombie_Population
254,244
Health_Population,Zombie_Population
89,137
Health_Population,Zombie_Population
30,41
Health_Population,Zombie_Population
12,9
Health_Population,Zombie_Population
3,5
Health_Population,Zombie_Population
99930,32
Health_Population,Zombie_Population
99760,89
Health_Population,Zombie_Population
99470,157
Health_Population,Zombie_Population
98636,458
Health_Population,Zombie_Population
97180,788
Health_Population,Zombie_Population
95024,1157
Health_Population,Zombie_Population
91033,2128
Health_Population,Zombie_Population
84829,3044
Health_Population,Zombie_Population
76402,4377
Health_Population,Zombie_Population
63277,7010
Health_Population,Zombie_Population
45318,10168
Health_Population,Zombie_Population
24481,12561
Health_Population,Zombie_Population
8733,11379
Health_Population,Zombie_Population
3177,3923
Health_Population,Zombie_Population
1155,1407
Health_Population,Zombie_Population
350,545
Health_Population,Zombie_Population
140,197
Health_Population,Zombie_Population
42,61
Health_Population,Zombie_Population
13,26
Health_Population,Zombie_Population
2,7
Health_Population,Zombie_Population
29,46
Health_Population,Zombie_Population
20,21
Health_Population,Zombie_Population
6,6
Health_Population,Zombie_Population
2,2
Health_Population,Zombie_Population
56,20
Health_Population,Zombie_Population
23,18
Health_Population,Zombie_Population
6,13
Health_Population,Zombie_Population
53,26
Health_Population,Zombie_Population
22,19
Health_Population,Zombie_Population
12,6
Health_Population,Zombie_Population
2,3
Health_Population,Zombie_Population
56,21
Health_Population,Zombie_Population
23,18
Health_Population,Zombie_Population
7,15
Health_Population,Zombie_Population
56,20
Health_Population,Zombie_Population
23,18
Health_Population,Zombie_Population
7,15
Health_Population,Zombie_Population
56,20
Health_Population,Zombie_Population
23,18
Health_Population,Zombie_Population
7,15
Health_Population,Zombie_Population
45,22
Health_Population,Zombie_Population
16,16
Health_Population,Zombie_Population
8,10
Health_Population,Zombie_Population
54,26
Health_Population,Zombie_Population
17,20
Health_Population,Zombie_Population
6,10
Health_Population,Zombie_Population
1,7
Health_Population,Zombie_Population
36,40
Health_Population,Zombie_Population
13,27
Health_Population,Zombie_Population
3,4
Health_Population,Zombie_Population
915,40
Health_Population,Zombie_Population
822,63
Health_Population,Zombie_Population
549,143
Health_Population,Zombie_Population
287,201
Health_Population,Zombie_Population
88,162
Health_Population,Zombie_Population
30,39
Health_Population,Zombie_Population
9,9
Health_Population,Zombie_Population
1,10
Health_Population,Zombie_Population
881,59
Health_Population,Zombie_Population
635,135
Health_Population,Zombie_Population
288,228
Health_Population,Zombie_Population
109,115
Health_Population,Zombie_Population
32,41
Health_Population,Zombie_Population
15,10
Health_Population,Zombie_Population
3,7
Health_Population,Zombie_Population
881,56
Health_Population,Zombie_Population
690,118
Health_Population,Zombie_Population
371,177
Health_Population,Zombie_Population
115,150
Health_Population,Zombie_Population
45,59
Health_Population,Zombie_Population
19,17
Health_Population,Zombie_Population
5,7
Health_Population,Zombie_Population
2,2
Health_Population,Zombie_Population
56,21
Health_Population,Zombie_Population
23,18
Health_Population,Zombie_Population
6,13
Health_Population,Zombie_Population
45,12
Health_Population,Zombie_Population
22,14
Health_Population,Zombie_Population
5,10
Health_Population,Zombie_Population
1,3
Health_Population,Zombie_Population
57,23
Health_Population,Zombie_Population
25,35
Health_Population,Zombie_Population
10,3
Health_Population,Zombie_Population
2,2
Health_Population,Zombie_Population
53,26
Health_Population,Zombie_Population
22,19
Health_Population,Zombie_Population
12,6
Health_Population,Zombie_Population
2,3
Health_Population,Zombie_Population
75,12
Health_Population,Zombie_Population
30,21
Health_Population,Zombie_Population
7,13
Health_Population,Zombie_Population
32,38
Health_Population,Zombie_Population
14,19
Health_Population,Zombie_Population
1,11
Health_Population,Zombie_Population
946,29
Health_Population,Zombie_Population
779,100
Health_Population,Zombie_Population
435,196
Health_Population,Zombie_Population
149,209
Health_Population,Zombie_Population
68,122
Health_Population,Zombie_Population
13,80
Health_Population,Zombie_Population
7,19
Health_Population,Zombie_Population
3,8
Health_Population,Zombie_Population
928,36
Health_Population,Zombie_Population
712,141
Health_Population,Zombie_Population
285,270
Health_Population,Zombie_Population
104,153
Health_Population,Zombie_Population
59,45
Health_Population,Zombie_Population
19,42
Health_Population,Zombie_Population
6,9
Health_Population,Zombie_Population
887,60
Health_Population,Zombie_Population
664,113
Health_Population,Zombie_Population
354,184
Health_Population,Zombie_Population
127,124
Health_Population,Zombie_Population
50,98
Health_Population,Zombie_Population
21,47
Health_Population,Zombie_Population
2,21
Health_Population,Zombie_Population
955,22
Health_Population,Zombie_Population
842,43
Health_Population,Zombie_Population
518,178
Health_Population,Zombie_Population
173,176
Health_Population,Zombie_Population
57,102
Health_Population,Zombie_Population
29,48
Health_Population,Zombie_Population
11,18
Health_Population,Zombie_Population
1,11
Health_Population,Zombie_Population
897,62
Health_Population,Zombie_Population
603,141
Health_Population,Zombie_Population
288,181
Health_Population,Zombie_Population
88,222
Health_Population,Zombie_Population
47,128
Health_Population,Zombie_Population
26,67
Health_Population,Zombie_Population
10,42
Health_Population,Zombie_Population
5,2
Health_Population,Zombie_Population
883,65
Health_Population,Zombie_Population
653,153
Health_Population,Zombie_Population
393,162
Health_Population,Zombie_Population
130,153
Health_Population,Zombie_Population
41,133
Health_Population,Zombie_Population
26,70
Health_Population,Zombie_Population
8,8
Health_Population,Zombie_Population
1,3
Health_Population,Zombie_Population
385,366
Health_Population,Zombie_Population
41,526
Health_Population,Zombie_Population
25,446
Health_Population,Zombie_Population
7,405
Health_Population,Zombie_Population
7,322
Health_Population,Zombie_Population
7,267
Health_Population,Zombie_Population
7,222
Health_Population,Zombie_Population
7,150
Health_Population,Zombie_Population
2,67
Health_Population,Zombie_Population
0,26
Health_Population,Zombie_Population
443,414
Health_Population,Zombie_Population
78,591
Health_Population,Zombie_Population
36,500
Health_Population,Zombie_Population
11,469
Health_Population,Zombie_Population
11,405
Health_Population,Zombie_Population
11,319
Health_Population,Zombie_Population
2,266
Health_Population,Zombie_Population
2,214
Health_Population,Zombie_Population
2,155
Health_Population,Zombie_Population
430,360
Health_Population,Zombie_Population
55,547
Health_Population,Zombie_Population
23,494
Health_Population,Zombie_Population
5,412
Health_Population,Zombie_Population
5,373
Health_Population,Zombie_Population
5,323
Health_Population,Zombie_Population
2,280
Health_Population,Zombie_Population
2,237
Health_Population,Zombie_Population
2,194
Health_Population,Zombie_Population
2,142
Health_Population,Zombie_Population
2,91
Health_Population,Zombie_Population
1,57
Health_Population,Zombie_Population
246,426
Health_Population,Zombie_Population
56,446
Health_Population,Zombie_Population
25,369
Health_Population,Zombie_Population
7,320
Health_Population,Zombie_Population
7,262
Health_Population,Zombie_Population
1,244
Health_Population,Zombie_Population
1,189
Health_Population,Zombie_Population
1,140
Health_Population,Zombie_Population
1,93
Health_Population,Zombie_Population
1,36
Health_Population,Zombie_Population
0,1
Health_Population,Zombie_Population
158,659
Health_Population,Zombie_Population
68,640
Health_Population,Zombie_Population
55,462
Health_Population,Zombie_Population
20,434
Health_Population,Zombie_Population
1,367
Health_Population,Zombie_Population
463,359
Health_Population,Zombie_Population
32,636
Health_Population,Zombie_Population
13,600
Health_Population,Zombie_Population
13,522
Health_Population,Zombie_Population
13,423
Health_Population,Zombie_Population
13,358
Health_Population,Zombie_Population
13,289
Health_Population,Zombie_Population
4,215
Health_Population,Zombie_Population
3,52
Health_Population,Zombie_Population
2,73
Health_Population,Zombie_Population
20,68
Health_Population,Zombie_Population
14,18
Health_Population,Zombie_Population
27,52
Health_Population,Zombie_Population
8,18
Health_Population,Zombie_Population
1,3
Health_Population,Zombie_Population
30,115
Health_Population,Zombie_Population
15,73
Health_Population,Zombie_Population
0,54
Health_Population,Zombie_Population
49,149
Health_Population,Zombie_Population
4,103
Health_Population,Zombie_Population
1,70
Health_Population,Zombie_Population
0,15
Health_Population,Zombie_Population
13,59
Health_Population,Zombie_Population
3,27
Health_Population,Zombie_Population
21,149
Health_Population,Zombie_Population
4,104
Health_Population,Zombie_Population
4,38
Health_Population,Zombie_Population
35,208
Health_Population,Zombie_Population
3,195
Health_Population,Zombie_Population
1,69
Health_Population,Zombie_Population
13,66
Health_Population,Zombie_Population
1,45
Health_Population,Zombie_Population
0,2
Health_Population,Zombie_Population
2,79
Health_Population,Zombie_Population
2,26
Health_Population,Zombie_Population
21,51
Health_Population,Zombie_Population
5,78
Health_Population,Zombie_Population
1,49
Health_Population,Zombie_Population
1,4
Health_Population,Zombie_Population
24,41
Health_Population,Zombie_Population
9,12
Health_Population,Zombie_Population
2,1
Health_Population,Zombie_Population
8,29
Health_Population,Zombie_Population
17,27
Health_Population,Zombie_Population
7430,1855
Health_Population,Zombie_Population
777,1858
Health_Population,Zombie_Population
135,243
Health_Population,Zombie_Population
33,27
Health_Population,Zombie_Population
7844,1538
Health_Population,Zombie_Population
841,2088
Health_Population,Zombie_Population
105,281
Health_Population,Zombie_Population
9,51
Health_Population,Zombie_Population
9022,753
Health_Population,Zombie_Population
1176,4511
Health_Population,Zombie_Population
150,521
Health_Population,Zombie_Population
18,33
Health_Population,Zombie_Population
2,4
Health_Population,Zombie_Population
9156,542
Health_Population,Zombie_Population
1186,5954
Health_Population,Zombie_Population
431,5112
Health_Population,Zombie_Population
288,4162
Health_Population,Zombie_Population
178,3551
Health_Population,Zombie_Population
178,3159
Health_Population,Zombie_Population
83,2970
Health_Population,Zombie_Population
46,2747
Health_Population,Zombie_Population
46,2630
Health_Population,Zombie_Population
37,2520
Health_Population,Zombie_Population
37,2369
Health_Population,Zombie_Population
37,2245
Health_Population,Zombie_Population
37,2163
Health_Population,Zombie_Population
37,2073
Health_Population,Zombie_Population
37,2035
Health_Population,Zombie_Population
37,1920
Health_Population,Zombie_Population
37,1796
Health_Population,Zombie_Population
35,1685
Health_Population,Zombie_Population
35,1549
Health_Population,Zombie_Population
35,1440
Health_Population,Zombie_Population
35,1315
Health_Population,Zombie_Population
35,1216
Health_Population,Zombie_Population
23,1110
Health_Population,Zombie_Population
23,1029
Health_Population,Zombie_Population
23,887
Health_Population,Zombie_Population
23,827
Health_Population,Zombie_Population
23,736
Health_Population,Zombie_Population
23,657
Health_Population,Zombie_Population
23,582
Health_Population,Zombie_Population
8,529
Health_Population,Zombie_Population
8,487
Health_Population,Zombie_Population
2,425
Health_Population,Zombie_Population
2,384
Health_Population,Zombie_Population
2,331
Health_Population,Zombie_Population
2,287
Health_Population,Zombie_Population
2,228
Health_Population,Zombie_Population
2,181
Health_Population,Zombie_Population
2,132
Health_Population,Zombie_Population
2,93
Health_Population,Zombie_Population
2,51
Health_Population,Zombie_Population
7871,1422
Health_Population,Zombie_Population
807,5482
Health_Population,Zombie_Population
365,4494
Health_Population,Zombie_Population
279,3739
Health_Population,Zombie_Population
147,3331
Health_Population,Zombie_Population
99,3053
Health_Population,Zombie_Population
69,2881
Health_Population,Zombie_Population
49,2757
Health_Population,Zombie_Population
49,2600
Health_Population,Zombie_Population
49,2492
Health_Population,Zombie_Population
49,2363
Health_Population,Zombie_Population
33,2277
Health_Population,Zombie_Population
33,2190
Health_Population,Zombie_Population
19,2125
Health_Population,Zombie_Population
19,2051
Health_Population,Zombie_Population
19,1929
Health_Population,Zombie_Population
6,1890
Health_Population,Zombie_Population
6,1842
Health_Population,Zombie_Population
6,1785
Health_Population,Zombie_Population
6,1716
Health_Population,Zombie_Population
6,1672
Health_Population,Zombie_Population
6,1621
Health_Population,Zombie_Population
6,1574
Health_Population,Zombie_Population
6,1504
Health_Population,Zombie_Population
6,1440
Health_Population,Zombie_Population
6,1388
Health_Population,Zombie_Population
6,1335
Health_Population,Zombie_Population
6,1281
Health_Population,Zombie_Population
6,1242
Health_Population,Zombie_Population
6,1188
Health_Population,Zombie_Population
6,1139
Health_Population,Zombie_Population
6,1095
Health_Population,Zombie_Population
6,1030
Health_Population,Zombie_Population
6,981
Health_Population,Zombie_Population
6,931
Health_Population,Zombie_Population
6,890
Health_Population,Zombie_Population
6,837
Health_Population,Zombie_Population
6,757
Health_Population,Zombie_Population
6,717
Health_Population,Zombie_Population
6,663
Health_Population,Zombie_Population
6,609
Health_Population,Zombie_Population
6,576
Health_Population,Zombie_Population
6,495
Health_Population,Zombie_Population
6,433
Health_Population,Zombie_Population
6,381
Health_Population,Zombie_Population
6,324
Health_Population,Zombie_Population
9744,152
Health_Population,Zombie_Population
1713,5646
Health_Population,Zombie_Population
616,4800
Health_Population,Zombie_Population
336,4127
Health_Population,Zombie_Population
169,3830
Health_Population,Zombie_Population
169,3277
Health_Population,Zombie_Population
133,2903
Health_Population,Zombie_Population
86,2681
Health_Population,Zombie_Population
73,2479
Health_Population,Zombie_Population
67,2303
Health_Population,Zombie_Population
49,2169
Health_Population,Zombie_Population
14,2109
Health_Population,Zombie_Population
14,2052
Health_Population,Zombie_Population
14,1992
Health_Population,Zombie_Population
14,1936
Health_Population,Zombie_Population
14,1875
Health_Population,Zombie_Population
14,1791
Health_Population,Zombie_Population
14,1734
Health_Population,Zombie_Population
14,1668
Health_Population,Zombie_Population
7,1620
Health_Population,Zombie_Population
7,1585
Health_Population,Zombie_Population
7,1529
Health_Population,Zombie_Population
7,1468
Health_Population,Zombie_Population
7,1390
Health_Population,Zombie_Population
7,1336
Health_Population,Zombie_Population
7,1266
Health_Population,Zombie_Population
7,1197
Health_Population,Zombie_Population
1,1176
Health_Population,Zombie_Population
1,1124
Health_Population,Zombie_Population
1,1076
Health_Population,Zombie_Population
1,1032
Health_Population,Zombie_Population
1,987
Health_Population,Zombie_Population
1,952
Health_Population,Zombie_Population
1,902
Health_Population,Zombie_Population
1,848
Health_Population,Zombie_Population
1,795
Health_Population,Zombie_Population
1,747
Health_Population,Zombie_Population
1,714
Health_Population,Zombie_Population
282,538
Health_Population,Zombie_Population
61,599
Health_Population,Zombie_Population
32,547
Health_Population,Zombie_Population
3,469
Health_Population,Zombie_Population
3,406
Health_Population,Zombie_Population
3,353
Health_Population,Zombie_Population
3,312
Health_Population,Zombie_Population
3,262
Health_Population,Zombie_Population
3,208
Health_Population,Zombie_Population
3,160
Health_Population,Zombie_Population
3,96
Health_Population,Zombie_Population
3,45
Health_Population,Zombie_Population
288,483
Health_Population,Zombie_Population
29,655
Health_Population,Zombie_Population
29,575
Health_Population,Zombie_Population
29,463
Health_Population,Zombie_Population
2,418
Health_Population,Zombie_Population
2,358
Health_Population,Zombie_Population
2,298
Health_Population,Zombie_Population
2,249
Health_Population,Zombie_Population
2,204
Health_Population,Zombie_Population
2,143
Health_Population,Zombie_Population
2,86
Health_Population,Zombie_Population
2,37
Health_Population,Zombie_Population
203,567
Health_Population,Zombie_Population
30,634
Health_Population,Zombie_Population
8,571
Health_Population,Zombie_Population
8,503
Health_Population,Zombie_Population
8,438
Health_Population,Zombie_Population
8,396
Health_Population,Zombie_Population
8,347
Health_Population,Zombie_Population
8,296
Health_Population,Zombie_Population
8,235
Health_Population,Zombie_Population
8,163
Health_Population,Zombie_Population
1,126
Health_Population,Zombie_Population
1,77
Health_Population,Zombie_Population
1,23
Health_Population,Zombie_Population
231,602
Health_Population,Zombie_Population
27,143
Health_Population,Zombie_Population
0,20
Health_Population,Zombie_Population
701,240
Health_Population,Zombie_Population
66,162
Health_Population,Zombie_Population
2,9
Health_Population,Zombie_Population
173,603
Health_Population,Zombie_Population
34,113
Health_Population,Zombie_Population
8,27
Health_Population,Zombie_Population
9997521,1721
Health_Population,Zombie_Population
9846787,100234
